INSERT INTO course VALUES(1, 'Engenharia de Computação', 10);
INSERT INTO course VALUES(2, 'Sistemas de Informação', 8);

INSERT INTO class VALUES ('CEA001','GEOMETRIA ANALITICA E ALGEBRA LINEAR','60');
INSERT INTO class VALUES ('CEA031','QUIMICA GERAL','60');
INSERT INTO class VALUES ('CEA160','CALCULO DIFERENCIAL E INTEGRAL I','60');
INSERT INTO class VALUES ('CSI030','PROGRAMACAO DE COMPUTADORES I','60');
INSERT INTO class VALUES ('CSI201','INTRODUCAO A ENGENHARIA DE COMPUTACAO','30');
INSERT INTO class VALUES ('CSI427','METODOLOGIA DE PESQUISA APLICADA A COMPUTACAO','30');
INSERT INTO class VALUES ('EAD707','COMUNICACAO E EXPRESSAO','30');
INSERT INTO class VALUES ('CEA003','FISICA I','60');
INSERT INTO class VALUES ('CEA301','CALCULO DIFERENCIAL E INTEGRAL II','60');
INSERT INTO class VALUES ('CEA307','ESTATISTICA E PROBABILIDADE','60');
INSERT INTO class VALUES ('CSI032','PROGRAMACAO DE COMPUTADORES II','60');
INSERT INTO class VALUES ('CSI443','MATEMATICA DISCRETA','60');
INSERT INTO class VALUES ('CEA006','CALCULO DIFERENCIAL E INTEGRAL III','60');
INSERT INTO class VALUES ('CEA007','FISICA II','60');
INSERT INTO class VALUES ('CEA302','INTRODUCAO AS EQUACOES DIFERENCIAIS ORDINARIAS','60');
INSERT INTO class VALUES ('CEA341','PRINCIPIOS DE ELETRONICA DIGITAL','60');
INSERT INTO class VALUES ('CSI488','ALGORITMOS E ESTRUTURA DE DADOS I','60');
INSERT INTO class VALUES ('CEA013','FISICA III','60');
INSERT INTO class VALUES ('CEA552','CIRCUITOS ELETRICOS I','60');
INSERT INTO class VALUES ('CEA562','SINAIS E SISTEMAS','60');
INSERT INTO class VALUES ('CSI429','ALGORITMOS E ESTRUTURA DE DADOS II','60');
INSERT INTO class VALUES ('CSI466','TEORIA DOS GRAFOS','60');
INSERT INTO class VALUES ('CEA034','FISICA IV','60');
INSERT INTO class VALUES ('CEA502','ELETROMAGNETISMO','60');
INSERT INTO class VALUES ('CSI148','ANALISE NUMERICA','60');
INSERT INTO class VALUES ('CSI203','ORGANIZACAO E ARQUITETURA DE COMPUTADORES I','60');
INSERT INTO class VALUES ('CSI485','ENGENHARIA DE SOFTWARE I','60');
INSERT INTO class VALUES ('CEA561','ELETRONICA I','60');
INSERT INTO class VALUES ('CEA582','FUNDAMENTOS DE COMUNICACOES','60');
INSERT INTO class VALUES ('CSI440','BANCO DE DADOS I','60');
INSERT INTO class VALUES ('CSI509','ORGANIZACAO E ARQUITETURA DE COMPUTADORES II','60');
INSERT INTO class VALUES ('CSI546','PROJETO E ANALISE DE ALGORITMO','60');
INSERT INTO class VALUES ('CEA551','MODELAGEM E ANALISE DE SISTEMAS LINEARES','60');
INSERT INTO class VALUES ('CEA580','MICROPROCESSADORES E MICROCONTROLADORES','60');
INSERT INTO class VALUES ('CSI437','SISTEMAS OPERACIONAIS','60');
INSERT INTO class VALUES ('CSI476','FUNDAMENTOS TEORICOS DA COMPUTACAO','60');
INSERT INTO class VALUES ('CSI508','COMPUTACAO GRAFICA','60');
INSERT INTO class VALUES ('CSI419','LINGUAGENS DE PROGRAMACAO','60');
INSERT INTO class VALUES ('CSI450','INTERACAO HUMANO-COMPUTADOR','60');
INSERT INTO class VALUES ('CSI457','INTELIGENCIA ARTIFICIAL','60');
INSERT INTO class VALUES ('CSI548','REDES DE COMPUTADORES I','60');
INSERT INTO class VALUES ('EAD344','TEORIA DA ADMINISTRACAO I','60');
INSERT INTO class VALUES ('CSI433','SISTEMAS DISTRIBUIDOS','60');
INSERT INTO class VALUES ('CSI495','TRABALHO DE CONCLUSAO DE CURSO I','90');
INSERT INTO class VALUES ('CSI506','COMPILADORES I','60');
INSERT INTO class VALUES ('CSI510','REDES DE COMPUTADORES II','60');
INSERT INTO class VALUES ('EAD351','FILOSOFIA E ETICA','60');
INSERT INTO class VALUES ('CEA592','FUNDAMENTOS DE CIENCIA DO AMBIENTE','30');
INSERT INTO class VALUES ('CSI491','INFORMATICA E SOCIEDADE','30');
INSERT INTO class VALUES ('CSI496','TRABALHO DE CONCLUSAO DE CURSO II','60');
INSERT INTO class VALUES ('CSI693','AVALIACAO DE DESEMPENHO DE SISTEMAS','60');
INSERT INTO class VALUES ('CEA026','DESENHO COMPUTACIONAL','60');
INSERT INTO class VALUES ('CEA147','ELETRONICA EMBARCADA','60');
INSERT INTO class VALUES ('CEA342','METODOS MATEMATICOS APLICADOS A ENGENHARIA ELETRICA','60');
INSERT INTO class VALUES ('CEA453','SISTEMAS MULTIMIDIA','60');
INSERT INTO class VALUES ('CEA563','CIRCUITOS ELETRICOS II','60');
INSERT INTO class VALUES ('CEA570','SISTEMAS DE CONTROLE I','60');
INSERT INTO class VALUES ('CEA571','ELETRONICA II','60');
INSERT INTO class VALUES ('CEA572','INSTRUMENTACAO','60');
INSERT INTO class VALUES ('CEA671','PROCESSAMENTO DIGITAL DE SINAIS','60');
INSERT INTO class VALUES ('CEA708','PRINCIPIOS DAS COMUNICACOES DIGITAIS','60');
INSERT INTO class VALUES ('CEA709','PROPAGACAO DE ONDAS DE RADIO','60');
INSERT INTO class VALUES ('CEA710','PROBABILIDADE E PROCESSOS ESTOCASTICOS PARA ENGENHARIA','60');
INSERT INTO class VALUES ('CEA711','REDES E SISTEMAS DE COMUNICACOES MOVEIS','60');
INSERT INTO class VALUES ('CEA712','TOPICOS ESPECIAIS EM TELECOMUNICACOES','60');
INSERT INTO class VALUES ('CSI001','ANALISE DE MIDIAS SOCIAIS','60');
INSERT INTO class VALUES ('CSI401','PROGRAMACAO PARA DISPOSITIVOS MOVEIS','60');
INSERT INTO class VALUES ('CSI402','COMPUTACAO MOVEL','60');
INSERT INTO class VALUES ('CSI434','TOPICOS EM REDES DE COMPUTADORES','60');
INSERT INTO class VALUES ('CSI436','COMPUTACAO MOVEL','60');
INSERT INTO class VALUES ('CSI472','INTELIGENCIA COMPUTACIONAL PARA OTIMIZACAO','60');
INSERT INTO class VALUES ('CSI501','INTRODUCAO A ROBOTICA','60');
INSERT INTO class VALUES ('CSI502','LINGUAGEM DE DESCRICAO DE HARDWARE','60');
INSERT INTO class VALUES ('CSI503','DESENVOLVIMENTO AGIL DE SOFTWARE','60');
INSERT INTO class VALUES ('CSI512','TOPICOS EM ENGENHARIA DE SOFTWARE I','60');
INSERT INTO class VALUES ('CSI513','TOPICOS EM DESENVOLVIMENTO DE SISTEMAS I','60');
INSERT INTO class VALUES ('CSI515','PROCESSAMENTO DIGITAL DE IMAGENS','60');
INSERT INTO class VALUES ('CSI516','TOPICOS EM DESENVOLVIMENTO DE SISTEMAS II','60');
INSERT INTO class VALUES ('CSI518','TOPICOS EM ENGENHARIA DE SOFTWARE II','60');
INSERT INTO class VALUES ('CSI520','TOPICOS EM INTELIGENCIA ARTIFICIAL','60');
INSERT INTO class VALUES ('CSI549','AVALIACAO DE SISTEMAS INTERATIVOS','60');
INSERT INTO class VALUES ('CSI557','COMPUTACAO EVOLUCIONARIA','60');
INSERT INTO class VALUES ('CSI558','DESENVOLVIMENTO DIRIGIDO POR MODELOS','60');
INSERT INTO class VALUES ('CSI559','FUNDAMENTOS DE LINGUAGENS DE PROGRAMACAO','60');
INSERT INTO class VALUES ('CSI564','GEOPROCESSAMENTO E SISTEMA DE INFORMACAO GEOGRAFICA','60');
INSERT INTO class VALUES ('CSI566','MODELAGEM E SIMULACAO DE SISTEMAS TERRESTRES','60');
INSERT INTO class VALUES ('CSI567','PADROES DE PROJETOS','60');
INSERT INTO class VALUES ('CSI568','QUALIDADE DE SOFTWARE','60');
INSERT INTO class VALUES ('CSI569','SEMANTICA FORMAL','60');
INSERT INTO class VALUES ('CSI574','SISTEMAS DE TIPOS','60');
INSERT INTO class VALUES ('CSI575','SISTEMAS WEB II','60');
INSERT INTO class VALUES ('CSI576','TESTE DE SOFTWARE','60');
INSERT INTO class VALUES ('CSI577','LOGICA APLICADA A COMPUTACAO','60');
INSERT INTO class VALUES ('CSI578','TOPICOS EM LINGUAGEM DE PROGRAMACAO','60');
INSERT INTO class VALUES ('CSI604','COMPILADORES II','60');
INSERT INTO class VALUES ('CSI730','TOPICOS EM SISTEMAS DE COMPUTACAO','60');
INSERT INTO class VALUES ('CSI731','BANCO DE DADOS GEOGRAFICOS','60');
INSERT INTO class VALUES ('CSI732','ENGENHARIA ONTOLOGICA E LOGICA FUZZY','60');
INSERT INTO class VALUES ('CSI733','APRENDIZAGEM DE MAQUINA','60');
INSERT INTO class VALUES ('CSI734','INTERNET DAS COISAS','60');
INSERT INTO class VALUES ('ENP151','CIENCIA TECNOLOGIA E SOCIEDADE','60');
INSERT INTO class VALUES ('ENP152','ETICA E RESPONSABILIDADE SOCIOAMBIENTAL','60');
INSERT INTO class VALUES ('ENP160','OTIMIZACAO COMBINATORIA','60');
INSERT INTO class VALUES ('LET966','INTRODUCAO A LIBRAS','60');
INSERT INTO class VALUES ('CEA036','FUNDAMENTOS DE GEOMETRIA ANALITICA E ALGEBRALINEAR','60');
INSERT INTO class VALUES ('CEA423','FUNDAMENTOS DE CALCULO','60');
INSERT INTO class VALUES ('CSI145','TEORIA E FUNDAMENTOS DE SISTEMA DE INFORMACAO','60');
INSERT INTO class VALUES ('CSI460','GESTAO DA INFORMACAO','60');
INSERT INTO class VALUES ('ENP144','TEORIA GERAL DA ADMINISTRACAO','60');
INSERT INTO class VALUES ('CSI424','FUNDAMENTOS DE ARQUITETURA DE COMPUTADORES','60');
INSERT INTO class VALUES ('ENP473','COMPORTAMENTO ORGANIZACIONAL','60');
INSERT INTO class VALUES ('ENP150','ECONOMIA','60');
INSERT INTO class VALUES ('ENP153','PROGRAMACAO LINEAR','60');
INSERT INTO class VALUES ('CSI426','FUNDAMENTOS DE REDES DE COMPUTADORES','60');
INSERT INTO class VALUES ('CSI442','BANCO DE DADOS II','60');
INSERT INTO class VALUES ('CSI486','ENGENHARIA DE SOFTWARE II','60');
INSERT INTO class VALUES ('CSI477','SISTEMAS WEB I','60');
INSERT INTO class VALUES ('CSI735','GERENCIA DE PROJETOS DE SOFTWARE','60');
INSERT INTO class VALUES ('CSI439','GESTAO DA TECNOLOGIA DA INFORMACAO','60');
INSERT INTO class VALUES ('CSI498','TRABALHO DE CONCLUSAO DE CURSO I','90');
INSERT INTO class VALUES ('ENP126','GERENCIA DE RECURSOS HUMANOS','60');
INSERT INTO class VALUES ('ENP493','EMPREENDEDORISMO','60');
INSERT INTO class VALUES ('CSI462','SISTEMAS DE APOIO A DECISAO','60');
INSERT INTO class VALUES ('CSI463','SEGURANCA E AUDITORIA DE SISTEMAS','60');
INSERT INTO class VALUES ('CSI499','TRABALHO DE CONCLUSAO DE CURSO II','60');
INSERT INTO class VALUES ('CSI455','SISTEMAS ESPECIALISTAS','60');
INSERT INTO class VALUES ('CSI511','TOPICOS EM BANCOS DE DADOS I','60');
INSERT INTO class VALUES ('CSI514','TOPICOS EM SISTEMAS DE INFORMACAO I','60');
INSERT INTO class VALUES ('CSI517','TOPICOS EM BANCO DE DADOS II','60');
INSERT INTO class VALUES ('CSI519','TOPICOS EM SISTEMAS DE INFORMACAO II','60');
INSERT INTO class VALUES ('CSI565','LINGUAGENS DE DOMINIO ESPECIFICO','60');
INSERT INTO class VALUES ('CSI729','ACESSIBILIDADE WEB','60');
INSERT INTO class VALUES ('ENP005','ERGONOMIA','60');
INSERT INTO class VALUES ('ENP014','ORGANIZACAO DO TRABALHO','60');
INSERT INTO class VALUES ('ENP022','GESTAO DA QUALIDADE','60');
INSERT INTO class VALUES ('ENP025','GESTAO DO CONHECIMENTO','60');
INSERT INTO class VALUES ('ENP119','LOGISTICA','60');
INSERT INTO class VALUES ('ENP122','PLANEJAMENTO E CONTROLE DE PRODUCAO I','60');
INSERT INTO class VALUES ('ENP155','CUSTOS INDUSTRIAIS','60');
INSERT INTO class VALUES ('ENP534','GESTAO DE PROJETOS','60');
INSERT INTO class VALUES ('ENP560','OTIMIZACAO EM REDES','60');


INSERT INTO course_has_class VALUES (1,'CEA001','Obrigatoria','1');
INSERT INTO course_has_class VALUES (1,'CEA031','Obrigatoria','1');
INSERT INTO course_has_class VALUES (1,'CEA160','Obrigatoria','1');
INSERT INTO course_has_class VALUES (1,'CSI030','Obrigatoria','1');
INSERT INTO course_has_class VALUES (1,'CSI201','Obrigatoria','1');
INSERT INTO course_has_class VALUES (1,'CSI427','Obrigatoria','1');
INSERT INTO course_has_class VALUES (1,'EAD707','Obrigatoria','1');
INSERT INTO course_has_class VALUES (1,'CEA003','Obrigatoria','2');
INSERT INTO course_has_class VALUES (1,'CEA301','Obrigatoria','2');
INSERT INTO course_has_class VALUES (1,'CEA307','Obrigatoria','2');
INSERT INTO course_has_class VALUES (1,'CSI032','Obrigatoria','2');
INSERT INTO course_has_class VALUES (1,'CSI443','Obrigatoria','2');
INSERT INTO course_has_class VALUES (1,'CEA006','Obrigatoria','3');
INSERT INTO course_has_class VALUES (1,'CEA007','Obrigatoria','3');
INSERT INTO course_has_class VALUES (1,'CEA302','Obrigatoria','3');
INSERT INTO course_has_class VALUES (1,'CEA341','Obrigatoria','3');
INSERT INTO course_has_class VALUES (1,'CSI488','Obrigatoria','3');
INSERT INTO course_has_class VALUES (1,'CEA013','Obrigatoria','4');
INSERT INTO course_has_class VALUES (1,'CEA552','Obrigatoria','4');
INSERT INTO course_has_class VALUES (1,'CEA562','Obrigatoria','4');
INSERT INTO course_has_class VALUES (1,'CSI429','Obrigatoria','4');
INSERT INTO course_has_class VALUES (1,'CSI466','Obrigatoria','4');
INSERT INTO course_has_class VALUES (1,'CEA034','Obrigatoria','5');
INSERT INTO course_has_class VALUES (1,'CEA502','Obrigatoria','5');
INSERT INTO course_has_class VALUES (1,'CSI148','Obrigatoria','5');
INSERT INTO course_has_class VALUES (1,'CSI203','Obrigatoria','5');
INSERT INTO course_has_class VALUES (1,'CSI485','Obrigatoria','5');
INSERT INTO course_has_class VALUES (1,'CEA561','Obrigatoria','6');
INSERT INTO course_has_class VALUES (1,'CEA582','Obrigatoria','6');
INSERT INTO course_has_class VALUES (1,'CSI440','Obrigatoria','6');
INSERT INTO course_has_class VALUES (1,'CSI509','Obrigatoria','6');
INSERT INTO course_has_class VALUES (1,'CSI546','Obrigatoria','6');
INSERT INTO course_has_class VALUES (1,'CEA551','Obrigatoria','7');
INSERT INTO course_has_class VALUES (1,'CEA580','Obrigatoria','7');
INSERT INTO course_has_class VALUES (1,'CSI437','Obrigatoria','7');
INSERT INTO course_has_class VALUES (1,'CSI476','Obrigatoria','7');
INSERT INTO course_has_class VALUES (1,'CSI508','Obrigatoria','7');
INSERT INTO course_has_class VALUES (1,'CSI419','Obrigatoria','8');
INSERT INTO course_has_class VALUES (1,'CSI450','Obrigatoria','8');
INSERT INTO course_has_class VALUES (1,'CSI457','Obrigatoria','8');
INSERT INTO course_has_class VALUES (1,'CSI548','Obrigatoria','8');
INSERT INTO course_has_class VALUES (1,'EAD344','Obrigatoria','8');
INSERT INTO course_has_class VALUES (1,'CSI433','Obrigatoria','9');
INSERT INTO course_has_class VALUES (1,'CSI495','Obrigatoria','9');
INSERT INTO course_has_class VALUES (1,'CSI506','Obrigatoria','9');
INSERT INTO course_has_class VALUES (1,'CSI510','Obrigatoria','9');
INSERT INTO course_has_class VALUES (1,'EAD351','Obrigatoria','9');
INSERT INTO course_has_class VALUES (1,'CEA592','Obrigatoria','10');
INSERT INTO course_has_class VALUES (1,'CSI491','Obrigatoria','10');
INSERT INTO course_has_class VALUES (1,'CSI496','Obrigatoria','10');
INSERT INTO course_has_class VALUES (1,'CSI693','Obrigatoria','10');
INSERT INTO course_has_class VALUES (1,'CEA026','Eletiva','0');
INSERT INTO course_has_class VALUES (1,'CEA147','Eletiva','0');
INSERT INTO course_has_class VALUES (1,'CEA342','Eletiva','0');
INSERT INTO course_has_class VALUES (1,'CEA453','Eletiva','0');
INSERT INTO course_has_class VALUES (1,'CEA563','Eletiva','0');
INSERT INTO course_has_class VALUES (1,'CEA570','Eletiva','0');
INSERT INTO course_has_class VALUES (1,'CEA571','Eletiva','0');
INSERT INTO course_has_class VALUES (1,'CEA572','Eletiva','0');
INSERT INTO course_has_class VALUES (1,'CEA671','Eletiva','0');
INSERT INTO course_has_class VALUES (1,'CEA708','Eletiva','0');
INSERT INTO course_has_class VALUES (1,'CEA709','Eletiva','0');
INSERT INTO course_has_class VALUES (1,'CEA710','Eletiva','0');
INSERT INTO course_has_class VALUES (1,'CEA711','Eletiva','0');
INSERT INTO course_has_class VALUES (1,'CEA712','Eletiva','0');
INSERT INTO course_has_class VALUES (1,'CSI001','Eletiva','0');
INSERT INTO course_has_class VALUES (1,'CSI401','Eletiva','0');
INSERT INTO course_has_class VALUES (1,'CSI402','Eletiva','0');
INSERT INTO course_has_class VALUES (1,'CSI434','Eletiva','0');
INSERT INTO course_has_class VALUES (1,'CSI436','Eletiva','0');
INSERT INTO course_has_class VALUES (1,'CSI442','Eletiva','0');
INSERT INTO course_has_class VALUES (1,'CSI472','Eletiva','0');
INSERT INTO course_has_class VALUES (1,'CSI477','Eletiva','0');
INSERT INTO course_has_class VALUES (1,'CSI486','Eletiva','0');
INSERT INTO course_has_class VALUES (1,'CSI501','Eletiva','0');
INSERT INTO course_has_class VALUES (1,'CSI502','Eletiva','0');
INSERT INTO course_has_class VALUES (1,'CSI503','Eletiva','0');
INSERT INTO course_has_class VALUES (1,'CSI512','Eletiva','0');
INSERT INTO course_has_class VALUES (1,'CSI513','Eletiva','0');
INSERT INTO course_has_class VALUES (1,'CSI515','Eletiva','0');
INSERT INTO course_has_class VALUES (1,'CSI516','Eletiva','0');
INSERT INTO course_has_class VALUES (1,'CSI518','Eletiva','0');
INSERT INTO course_has_class VALUES (1,'CSI520','Eletiva','0');
INSERT INTO course_has_class VALUES (1,'CSI549','Eletiva','0');
INSERT INTO course_has_class VALUES (1,'CSI557','Eletiva','0');
INSERT INTO course_has_class VALUES (1,'CSI558','Eletiva','0');
INSERT INTO course_has_class VALUES (1,'CSI559','Eletiva','0');
INSERT INTO course_has_class VALUES (1,'CSI564','Eletiva','0');
INSERT INTO course_has_class VALUES (1,'CSI566','Eletiva','0');
INSERT INTO course_has_class VALUES (1,'CSI567','Eletiva','0');
INSERT INTO course_has_class VALUES (1,'CSI568','Eletiva','0');
INSERT INTO course_has_class VALUES (1,'CSI569','Eletiva','0');
INSERT INTO course_has_class VALUES (1,'CSI574','Eletiva','0');
INSERT INTO course_has_class VALUES (1,'CSI575','Eletiva','0');
INSERT INTO course_has_class VALUES (1,'CSI576','Eletiva','0');
INSERT INTO course_has_class VALUES (1,'CSI577','Eletiva','0');
INSERT INTO course_has_class VALUES (1,'CSI578','Eletiva','0');
INSERT INTO course_has_class VALUES (1,'CSI604','Eletiva','0');
INSERT INTO course_has_class VALUES (1,'CSI730','Eletiva','0');
INSERT INTO course_has_class VALUES (1,'CSI731','Eletiva','0');
INSERT INTO course_has_class VALUES (1,'CSI732','Eletiva','0');
INSERT INTO course_has_class VALUES (1,'CSI733','Eletiva','0');
INSERT INTO course_has_class VALUES (1,'CSI734','Eletiva','0');
INSERT INTO course_has_class VALUES (1,'CSI735','Eletiva','0');
INSERT INTO course_has_class VALUES (1,'ENP151','Eletiva','0');
INSERT INTO course_has_class VALUES (1,'ENP152','Eletiva','0');
INSERT INTO course_has_class VALUES (1,'ENP153','Eletiva','0');
INSERT INTO course_has_class VALUES (1,'ENP160','Eletiva','0');
INSERT INTO course_has_class VALUES (1,'ENP493','Eletiva','0');
INSERT INTO course_has_class VALUES (1,'LET966','Eletiva','0');
INSERT INTO course_has_class VALUES (2,'CEA036','Obrigatoria','1');
INSERT INTO course_has_class VALUES (2,'CEA423','Obrigatoria','1');
INSERT INTO course_has_class VALUES (2,'CSI030','Obrigatoria','1');
INSERT INTO course_has_class VALUES (2,'CSI145','Obrigatoria','1');
INSERT INTO course_has_class VALUES (2,'CSI427','Obrigatoria','1');
INSERT INTO course_has_class VALUES (2,'CSI491','Obrigatoria','1');
INSERT INTO course_has_class VALUES (2,'CSI032','Obrigatoria','2');
INSERT INTO course_has_class VALUES (2,'CSI443','Obrigatoria','2');
INSERT INTO course_has_class VALUES (2,'CSI460','Obrigatoria','2');
INSERT INTO course_has_class VALUES (2,'CSI488','Obrigatoria','2');
INSERT INTO course_has_class VALUES (2,'ENP144','Obrigatoria','2');
INSERT INTO course_has_class VALUES (2,'CEA307','Obrigatoria','3');
INSERT INTO course_has_class VALUES (2,'CSI424','Obrigatoria','3');
INSERT INTO course_has_class VALUES (2,'CSI429','Obrigatoria','3');
INSERT INTO course_has_class VALUES (2,'CSI466','Obrigatoria','3');
INSERT INTO course_has_class VALUES (2,'ENP473','Obrigatoria','3');
INSERT INTO course_has_class VALUES (2,'CSI437','Obrigatoria','4');
INSERT INTO course_has_class VALUES (2,'CSI440','Obrigatoria','4');
INSERT INTO course_has_class VALUES (2,'CSI485','Obrigatoria','4');
INSERT INTO course_has_class VALUES (2,'ENP150','Obrigatoria','4');
INSERT INTO course_has_class VALUES (2,'ENP153','Obrigatoria','4');
INSERT INTO course_has_class VALUES (2,'CSI426','Obrigatoria','5');
INSERT INTO course_has_class VALUES (2,'CSI442','Obrigatoria','5');
INSERT INTO course_has_class VALUES (2,'CSI457','Obrigatoria','5');
INSERT INTO course_has_class VALUES (2,'CSI476','Obrigatoria','5');
INSERT INTO course_has_class VALUES (2,'CSI486','Obrigatoria','5');
INSERT INTO course_has_class VALUES (2,'CSI419','Obrigatoria','6');
INSERT INTO course_has_class VALUES (2,'CSI433','Obrigatoria','6');
INSERT INTO course_has_class VALUES (2,'CSI450','Obrigatoria','6');
INSERT INTO course_has_class VALUES (2,'CSI477','Obrigatoria','6');
INSERT INTO course_has_class VALUES (2,'CSI735','Obrigatoria','6');
INSERT INTO course_has_class VALUES (2,'CSI439','Obrigatoria','7');
INSERT INTO course_has_class VALUES (2,'CSI498','Obrigatoria','7');
INSERT INTO course_has_class VALUES (2,'ENP126','Obrigatoria','7');
INSERT INTO course_has_class VALUES (2,'ENP493','Obrigatoria','7');
INSERT INTO course_has_class VALUES (2,'CSI462','Obrigatoria','8');
INSERT INTO course_has_class VALUES (2,'CSI463','Obrigatoria','8');
INSERT INTO course_has_class VALUES (2,'CSI499','Obrigatoria','8');
INSERT INTO course_has_class VALUES (2,'CSI001','Eletiva','0');
INSERT INTO course_has_class VALUES (2,'CSI401','Eletiva','0');
INSERT INTO course_has_class VALUES (2,'CSI402','Eletiva','0');
INSERT INTO course_has_class VALUES (2,'CSI434','Eletiva','0');
INSERT INTO course_has_class VALUES (2,'CSI455','Eletiva','0');
INSERT INTO course_has_class VALUES (2,'CSI472','Eletiva','0');
INSERT INTO course_has_class VALUES (2,'CSI501','Eletiva','0');
INSERT INTO course_has_class VALUES (2,'CSI502','Eletiva','0');
INSERT INTO course_has_class VALUES (2,'CSI503','Eletiva','0');
INSERT INTO course_has_class VALUES (2,'CSI506','Eletiva','0');
INSERT INTO course_has_class VALUES (2,'CSI508','Eletiva','0');
INSERT INTO course_has_class VALUES (2,'CSI510','Eletiva','0');
INSERT INTO course_has_class VALUES (2,'CSI511','Eletiva','0');
INSERT INTO course_has_class VALUES (2,'CSI512','Eletiva','0');
INSERT INTO course_has_class VALUES (2,'CSI513','Eletiva','0');
INSERT INTO course_has_class VALUES (2,'CSI514','Eletiva','0');
INSERT INTO course_has_class VALUES (2,'CSI516','Eletiva','0');
INSERT INTO course_has_class VALUES (2,'CSI517','Eletiva','0');
INSERT INTO course_has_class VALUES (2,'CSI518','Eletiva','0');
INSERT INTO course_has_class VALUES (2,'CSI519','Eletiva','0');
INSERT INTO course_has_class VALUES (2,'CSI520','Eletiva','0');
INSERT INTO course_has_class VALUES (2,'CSI546','Eletiva','0');
INSERT INTO course_has_class VALUES (2,'CSI549','Eletiva','0');
INSERT INTO course_has_class VALUES (2,'CSI557','Eletiva','0');
INSERT INTO course_has_class VALUES (2,'CSI558','Eletiva','0');
INSERT INTO course_has_class VALUES (2,'CSI559','Eletiva','0');
INSERT INTO course_has_class VALUES (2,'CSI564','Eletiva','0');
INSERT INTO course_has_class VALUES (2,'CSI565','Eletiva','0');
INSERT INTO course_has_class VALUES (2,'CSI566','Eletiva','0');
INSERT INTO course_has_class VALUES (2,'CSI567','Eletiva','0');
INSERT INTO course_has_class VALUES (2,'CSI568','Eletiva','0');
INSERT INTO course_has_class VALUES (2,'CSI569','Eletiva','0');
INSERT INTO course_has_class VALUES (2,'CSI574','Eletiva','0');
INSERT INTO course_has_class VALUES (2,'CSI575','Eletiva','0');
INSERT INTO course_has_class VALUES (2,'CSI576','Eletiva','0');
INSERT INTO course_has_class VALUES (2,'CSI577','Eletiva','0');
INSERT INTO course_has_class VALUES (2,'CSI578','Eletiva','0');
INSERT INTO course_has_class VALUES (2,'CSI729','Eletiva','0');
INSERT INTO course_has_class VALUES (2,'CSI730','Eletiva','0');
INSERT INTO course_has_class VALUES (2,'CSI731','Eletiva','0');
INSERT INTO course_has_class VALUES (2,'CSI732','Eletiva','0');
INSERT INTO course_has_class VALUES (2,'CSI733','Eletiva','0');
INSERT INTO course_has_class VALUES (2,'CSI734','Eletiva','0');
INSERT INTO course_has_class VALUES (2,'ENP005','Eletiva','0');
INSERT INTO course_has_class VALUES (2,'ENP014','Eletiva','0');
INSERT INTO course_has_class VALUES (2,'ENP022','Eletiva','0');
INSERT INTO course_has_class VALUES (2,'ENP025','Eletiva','0');
INSERT INTO course_has_class VALUES (2,'ENP119','Eletiva','0');
INSERT INTO course_has_class VALUES (2,'ENP122','Eletiva','0');
INSERT INTO course_has_class VALUES (2,'ENP151','Eletiva','0');
INSERT INTO course_has_class VALUES (2,'ENP152','Eletiva','0');
INSERT INTO course_has_class VALUES (2,'ENP155','Eletiva','0');
INSERT INTO course_has_class VALUES (2,'ENP160','Eletiva','0');
INSERT INTO course_has_class VALUES (2,'ENP534','Eletiva','0');
INSERT INTO course_has_class VALUES (2,'ENP560','Eletiva','0');
INSERT INTO course_has_class VALUES (2,'LET966','Eletiva','0');