USE `controle_de_tarefas`;

LOCK TABLES `class` WRITE;
/*!40000 ALTER TABLE `class` DISABLE KEYS */;
INSERT INTO `class` VALUES ('CEA001','GEOMETRIA ANALITICA E ALGEBRA LINEAR',60),('CEA003','FISICA I',60),('CEA006','CALCULO DIFERENCIAL E INTEGRAL III',60),('CEA007','FISICA II',60),('CEA013','FISICA III',60),('CEA026','DESENHO COMPUTACIONAL',60),('CEA031','QUIMICA GERAL',60),('CEA034','FISICA IV',60),('CEA036','FUNDAMENTOS DE GEOMETRIA ANALITICA E ALGEBRALINEAR',60),('CEA147','ELETRONICA EMBARCADA',60),('CEA160','CALCULO DIFERENCIAL E INTEGRAL I',60),('CEA301','CALCULO DIFERENCIAL E INTEGRAL II',60),('CEA302','INTRODUCAO AS EQUACOES DIFERENCIAIS ORDINARIAS',60),('CEA307','ESTATISTICA E PROBABILIDADE',60),('CEA341','PRINCIPIOS DE ELETRONICA DIGITAL',60),('CEA342','METODOS MATEMATICOS APLICADOS A ENGENHARIA ELETRICA',60),('CEA423','FUNDAMENTOS DE CALCULO',60),('CEA453','SISTEMAS MULTIMIDIA',60),('CEA502','ELETROMAGNETISMO',60),('CEA551','MODELAGEM E ANALISE DE SISTEMAS LINEARES',60),('CEA552','CIRCUITOS ELETRICOS I',60),('CEA561','ELETRONICA I',60),('CEA562','SINAIS E SISTEMAS',60),('CEA563','CIRCUITOS ELETRICOS II',60),('CEA570','SISTEMAS DE CONTROLE I',60),('CEA571','ELETRONICA II',60),('CEA572','INSTRUMENTACAO',60),('CEA580','MICROPROCESSADORES E MICROCONTROLADORES',60),('CEA582','FUNDAMENTOS DE COMUNICACOES',60),('CEA592','FUNDAMENTOS DE CIENCIA DO AMBIENTE',30),('CEA671','PROCESSAMENTO DIGITAL DE SINAIS',60),('CEA708','PRINCIPIOS DAS COMUNICACOES DIGITAIS',60),('CEA709','PROPAGACAO DE ONDAS DE RADIO',60),('CEA710','PROBABILIDADE E PROCESSOS ESTOCASTICOS PARA ENGENHARIA',60),('CEA711','REDES E SISTEMAS DE COMUNICACOES MOVEIS',60),('CEA712','TOPICOS ESPECIAIS EM TELECOMUNICACOES',60),('CSI001','ANALISE DE MIDIAS SOCIAIS',60),('CSI030','PROGRAMACAO DE COMPUTADORES I',60),('CSI032','PROGRAMACAO DE COMPUTADORES II',60),('CSI145','TEORIA E FUNDAMENTOS DE SISTEMA DE INFORMACAO',60),('CSI148','ANALISE NUMERICA',60),('CSI201','INTRODUCAO A ENGENHARIA DE COMPUTACAO',30),('CSI203','ORGANIZACAO E ARQUITETURA DE COMPUTADORES I',60),('CSI401','PROGRAMACAO PARA DISPOSITIVOS MOVEIS',60),('CSI402','COMPUTACAO MOVEL',60),('CSI419','LINGUAGENS DE PROGRAMACAO',60),('CSI424','FUNDAMENTOS DE ARQUITETURA DE COMPUTADORES',60),('CSI426','FUNDAMENTOS DE REDES DE COMPUTADORES',60),('CSI427','METODOLOGIA DE PESQUISA APLICADA A COMPUTACAO',30),('CSI429','ALGORITMOS E ESTRUTURA DE DADOS II',60),('CSI433','SISTEMAS DISTRIBUIDOS',60),('CSI434','TOPICOS EM REDES DE COMPUTADORES',60),('CSI436','COMPUTACAO MOVEL',60),('CSI437','SISTEMAS OPERACIONAIS',60),('CSI439','GESTAO DA TECNOLOGIA DA INFORMACAO',60),('CSI440','BANCO DE DADOS I',60),('CSI442','BANCO DE DADOS II',60),('CSI443','MATEMATICA DISCRETA',60),('CSI450','INTERACAO HUMANO-COMPUTADOR',60),('CSI455','SISTEMAS ESPECIALISTAS',60),('CSI457','INTELIGENCIA ARTIFICIAL',60),('CSI460','GESTAO DA INFORMACAO',60),('CSI462','SISTEMAS DE APOIO A DECISAO',60),('CSI463','SEGURANCA E AUDITORIA DE SISTEMAS',60),('CSI466','TEORIA DOS GRAFOS',60),('CSI472','INTELIGENCIA COMPUTACIONAL PARA OTIMIZACAO',60),('CSI476','FUNDAMENTOS TEORICOS DA COMPUTACAO',60),('CSI477','SISTEMAS WEB I',60),('CSI485','ENGENHARIA DE SOFTWARE I',60),('CSI486','ENGENHARIA DE SOFTWARE II',60),('CSI488','ALGORITMOS E ESTRUTURA DE DADOS I',60),('CSI491','INFORMATICA E SOCIEDADE',30),('CSI495','TRABALHO DE CONCLUSAO DE CURSO I',90),('CSI496','TRABALHO DE CONCLUSAO DE CURSO II',60),('CSI498','TRABALHO DE CONCLUSAO DE CURSO I',90),('CSI499','TRABALHO DE CONCLUSAO DE CURSO II',60),('CSI501','INTRODUCAO A ROBOTICA',60),('CSI502','LINGUAGEM DE DESCRICAO DE HARDWARE',60),('CSI503','DESENVOLVIMENTO AGIL DE SOFTWARE',60),('CSI506','COMPILADORES I',60),('CSI508','COMPUTACAO GRAFICA',60),('CSI509','ORGANIZACAO E ARQUITETURA DE COMPUTADORES II',60),('CSI510','REDES DE COMPUTADORES II',60),('CSI511','TOPICOS EM BANCOS DE DADOS I',60),('CSI512','TOPICOS EM ENGENHARIA DE SOFTWARE I',60),('CSI513','TOPICOS EM DESENVOLVIMENTO DE SISTEMAS I',60),('CSI514','TOPICOS EM SISTEMAS DE INFORMACAO I',60),('CSI515','PROCESSAMENTO DIGITAL DE IMAGENS',60),('CSI516','TOPICOS EM DESENVOLVIMENTO DE SISTEMAS II',60),('CSI517','TOPICOS EM BANCO DE DADOS II',60),('CSI518','TOPICOS EM ENGENHARIA DE SOFTWARE II',60),('CSI519','TOPICOS EM SISTEMAS DE INFORMACAO II',60),('CSI520','TOPICOS EM INTELIGENCIA ARTIFICIAL',60),('CSI546','PROJETO E ANALISE DE ALGORITMO',60),('CSI548','REDES DE COMPUTADORES I',60),('CSI549','AVALIACAO DE SISTEMAS INTERATIVOS',60),('CSI557','COMPUTACAO EVOLUCIONARIA',60),('CSI558','DESENVOLVIMENTO DIRIGIDO POR MODELOS',60),('CSI559','FUNDAMENTOS DE LINGUAGENS DE PROGRAMACAO',60),('CSI564','GEOPROCESSAMENTO E SISTEMA DE INFORMACAO GEOGRAFICA',60),('CSI565','LINGUAGENS DE DOMINIO ESPECIFICO',60),('CSI566','MODELAGEM E SIMULACAO DE SISTEMAS TERRESTRES',60),('CSI567','PADROES DE PROJETOS',60),('CSI568','QUALIDADE DE SOFTWARE',60),('CSI569','SEMANTICA FORMAL',60),('CSI574','SISTEMAS DE TIPOS',60),('CSI575','SISTEMAS WEB II',60),('CSI576','TESTE DE SOFTWARE',60),('CSI577','LOGICA APLICADA A COMPUTACAO',60),('CSI578','TOPICOS EM LINGUAGEM DE PROGRAMACAO',60),('CSI604','COMPILADORES II',60),('CSI693','AVALIACAO DE DESEMPENHO DE SISTEMAS',60),('CSI729','ACESSIBILIDADE WEB',60),('CSI730','TOPICOS EM SISTEMAS DE COMPUTACAO',60),('CSI731','BANCO DE DADOS GEOGRAFICOS',60),('CSI732','ENGENHARIA ONTOLOGICA E LOGICA FUZZY',60),('CSI733','APRENDIZAGEM DE MAQUINA',60),('CSI734','INTERNET DAS COISAS',60),('CSI735','GERENCIA DE PROJETOS DE SOFTWARE',60),('EAD344','TEORIA DA ADMINISTRACAO I',60),('EAD351','FILOSOFIA E ETICA',60),('EAD707','COMUNICACAO E EXPRESSAO',30),('ENP005','ERGONOMIA',60),('ENP014','ORGANIZACAO DO TRABALHO',60),('ENP022','GESTAO DA QUALIDADE',60),('ENP025','GESTAO DO CONHECIMENTO',60),('ENP119','LOGISTICA',60),('ENP122','PLANEJAMENTO E CONTROLE DE PRODUCAO I',60),('ENP126','GERENCIA DE RECURSOS HUMANOS',60),('ENP144','TEORIA GERAL DA ADMINISTRACAO',60),('ENP150','ECONOMIA',60),('ENP151','CIENCIA TECNOLOGIA E SOCIEDADE',60),('ENP152','ETICA E RESPONSABILIDADE SOCIOAMBIENTAL',60),('ENP153','PROGRAMACAO LINEAR',60),('ENP155','CUSTOS INDUSTRIAIS',60),('ENP160','OTIMIZACAO COMBINATORIA',60),('ENP473','COMPORTAMENTO ORGANIZACIONAL',60),('ENP493','EMPREENDEDORISMO',60),('ENP534','GESTAO DE PROJETOS',60),('ENP560','OTIMIZACAO EM REDES',60),('LET966','INTRODUCAO A LIBRAS',60);
/*!40000 ALTER TABLE `class` ENABLE KEYS */;
UNLOCK TABLES;


LOCK TABLES `course` WRITE;
/*!40000 ALTER TABLE `course` DISABLE KEYS */;
INSERT INTO `course` VALUES (1,'Engenharia de Computação',10),(2,'Sistemas de Informação',8);
/*!40000 ALTER TABLE `course` ENABLE KEYS */;
UNLOCK TABLES;

LOCK TABLES `course_has_class` WRITE;
/*!40000 ALTER TABLE `course_has_class` DISABLE KEYS */;
INSERT INTO `course_has_class` VALUES (1,'CEA001','Obrigatória',1),(1,'CEA003','Obrigatória',2),(1,'CEA006','Obrigatória',3),(1,'CEA007','Obrigatória',3),(1,'CEA013','Obrigatória',4),(1,'CEA026','Eletiva',0),(1,'CEA031','Obrigatória',1),(1,'CEA034','Obrigatória',5),(1,'CEA147','Eletiva',0),(1,'CEA160','Obrigatória',1),(1,'CEA301','Obrigatória',2),(1,'CEA302','Obrigatória',3),(1,'CEA307','Obrigatória',2),(1,'CEA341','Obrigatória',3),(1,'CEA342','Eletiva',0),(1,'CEA453','Eletiva',0),(1,'CEA502','Obrigatória',5),(1,'CEA551','Obrigatória',7),(1,'CEA552','Obrigatória',4),(1,'CEA561','Obrigatória',6),(1,'CEA562','Obrigatória',4),(1,'CEA563','Eletiva',0),(1,'CEA570','Eletiva',0),(1,'CEA571','Eletiva',0),(1,'CEA572','Eletiva',0),(1,'CEA580','Obrigatória',7),(1,'CEA582','Obrigatória',6),(1,'CEA592','Obrigatória',10),(1,'CEA671','Eletiva',0),(1,'CEA708','Eletiva',0),(1,'CEA709','Eletiva',0),(1,'CEA710','Eletiva',0),(1,'CEA711','Eletiva',0),(1,'CEA712','Eletiva',0),(1,'CSI001','Eletiva',0),(1,'CSI030','Obrigatória',1),(1,'CSI032','Obrigatória',2),(1,'CSI148','Obrigatória',5),(1,'CSI201','Obrigatória',1),(1,'CSI203','Obrigatória',5),(1,'CSI401','Eletiva',0),(1,'CSI402','Eletiva',0),(1,'CSI419','Obrigatória',8),(1,'CSI427','Obrigatória',1),(1,'CSI429','Obrigatória',4),(1,'CSI433','Obrigatória',9),(1,'CSI434','Eletiva',0),(1,'CSI436','Eletiva',0),(1,'CSI437','Obrigatória',7),(1,'CSI440','Obrigatória',6),(1,'CSI442','Eletiva',0),(1,'CSI443','Obrigatória',2),(1,'CSI450','Obrigatória',8),(1,'CSI457','Obrigatória',8),(1,'CSI466','Obrigatória',4),(1,'CSI472','Eletiva',0),(1,'CSI476','Obrigatória',7),(1,'CSI477','Eletiva',0),(1,'CSI485','Obrigatória',5),(1,'CSI486','Eletiva',0),(1,'CSI488','Obrigatória',3),(1,'CSI491','Obrigatória',10),(1,'CSI495','Obrigatória',9),(1,'CSI496','Obrigatória',10),(1,'CSI501','Eletiva',0),(1,'CSI502','Eletiva',0),(1,'CSI503','Eletiva',0),(1,'CSI506','Obrigatória',9),(1,'CSI508','Obrigatória',7),(1,'CSI509','Obrigatória',6),(1,'CSI510','Obrigatória',9),(1,'CSI512','Eletiva',0),(1,'CSI513','Eletiva',0),(1,'CSI515','Eletiva',0),(1,'CSI516','Eletiva',0),(1,'CSI518','Eletiva',0),(1,'CSI520','Eletiva',0),(1,'CSI546','Obrigatória',6),(1,'CSI548','Obrigatória',8),(1,'CSI549','Eletiva',0),(1,'CSI557','Eletiva',0),(1,'CSI558','Eletiva',0),(1,'CSI559','Eletiva',0),(1,'CSI564','Eletiva',0),(1,'CSI566','Eletiva',0),(1,'CSI567','Eletiva',0),(1,'CSI568','Eletiva',0),(1,'CSI569','Eletiva',0),(1,'CSI574','Eletiva',0),(1,'CSI575','Eletiva',0),(1,'CSI576','Eletiva',0),(1,'CSI577','Eletiva',0),(1,'CSI578','Eletiva',0),(1,'CSI604','Eletiva',0),(1,'CSI693','Obrigatória',10),(1,'CSI730','Eletiva',0),(1,'CSI731','Eletiva',0),(1,'CSI732','Eletiva',0),(1,'CSI733','Eletiva',0),(1,'CSI734','Eletiva',0),(1,'CSI735','Eletiva',0),(1,'EAD344','Obrigatória',8),(1,'EAD351','Obrigatória',9),(1,'EAD707','Obrigatória',1),(1,'ENP151','Eletiva',0),(1,'ENP152','Eletiva',0),(1,'ENP153','Eletiva',0),(1,'ENP160','Eletiva',0),(1,'ENP493','Eletiva',0),(1,'LET966','Eletiva',0),(2,'CEA036','Obrigatória',1),(2,'CEA307','Obrigatória',3),(2,'CEA423','Obrigatória',1),(2,'CSI001','Eletiva',0),(2,'CSI030','Obrigatória',1),(2,'CSI032','Obrigatória',2),(2,'CSI145','Obrigatória',1),(2,'CSI401','Eletiva',0),(2,'CSI402','Eletiva',0),(2,'CSI419','Obrigatória',6),(2,'CSI424','Obrigatória',3),(2,'CSI426','Obrigatória',5),(2,'CSI427','Obrigatória',1),(2,'CSI429','Obrigatória',3),(2,'CSI433','Obrigatória',6),(2,'CSI434','Eletiva',0),(2,'CSI437','Obrigatória',4),(2,'CSI439','Obrigatória',7),(2,'CSI440','Obrigatória',4),(2,'CSI442','Obrigatória',5),(2,'CSI443','Obrigatória',2),(2,'CSI450','Obrigatória',6),(2,'CSI455','Eletiva',0),(2,'CSI457','Obrigatória',5),(2,'CSI460','Obrigatória',2),(2,'CSI462','Obrigatória',8),(2,'CSI463','Obrigatória',8),(2,'CSI466','Obrigatória',3),(2,'CSI472','Eletiva',0),(2,'CSI476','Obrigatória',5),(2,'CSI477','Obrigatória',6),(2,'CSI485','Obrigatória',4),(2,'CSI486','Obrigatória',5),(2,'CSI488','Obrigatória',2),(2,'CSI491','Obrigatória',1),(2,'CSI498','Obrigatória',7),(2,'CSI499','Obrigatória',8),(2,'CSI501','Eletiva',0),(2,'CSI502','Eletiva',0),(2,'CSI503','Eletiva',0),(2,'CSI506','Eletiva',0),(2,'CSI508','Eletiva',0),(2,'CSI510','Eletiva',0),(2,'CSI511','Eletiva',0),(2,'CSI512','Eletiva',0),(2,'CSI513','Eletiva',0),(2,'CSI514','Eletiva',0),(2,'CSI516','Eletiva',0),(2,'CSI517','Eletiva',0),(2,'CSI518','Eletiva',0),(2,'CSI519','Eletiva',0),(2,'CSI520','Eletiva',0),(2,'CSI546','Eletiva',0),(2,'CSI549','Eletiva',0),(2,'CSI557','Eletiva',0),(2,'CSI558','Eletiva',0),(2,'CSI559','Eletiva',0),(2,'CSI564','Eletiva',0),(2,'CSI565','Eletiva',0),(2,'CSI566','Eletiva',0),(2,'CSI567','Eletiva',0),(2,'CSI568','Eletiva',0),(2,'CSI569','Eletiva',0),(2,'CSI574','Eletiva',0),(2,'CSI575','Eletiva',0),(2,'CSI576','Eletiva',0),(2,'CSI577','Eletiva',0),(2,'CSI578','Eletiva',0),(2,'CSI729','Eletiva',0),(2,'CSI730','Eletiva',0),(2,'CSI731','Eletiva',0),(2,'CSI732','Eletiva',0),(2,'CSI733','Eletiva',0),(2,'CSI734','Eletiva',0),(2,'CSI735','Obrigatória',6),(2,'ENP005','Eletiva',0),(2,'ENP014','Eletiva',0),(2,'ENP022','Eletiva',0),(2,'ENP025','Eletiva',0),(2,'ENP119','Eletiva',0),(2,'ENP122','Eletiva',0),(2,'ENP126','Obrigatória',7),(2,'ENP144','Obrigatória',2),(2,'ENP150','Obrigatória',4),(2,'ENP151','Eletiva',0),(2,'ENP152','Eletiva',0),(2,'ENP153','Obrigatória',4),(2,'ENP155','Eletiva',0),(2,'ENP160','Eletiva',0),(2,'ENP473','Obrigatória',3),(2,'ENP493','Obrigatória',7),(2,'ENP534','Eletiva',0),(2,'ENP560','Eletiva',0),(2,'LET966','Eletiva',0);
/*!40000 ALTER TABLE `course_has_class` ENABLE KEYS */;
UNLOCK TABLES;


LOCK TABLES `dependence` WRITE;
/*!40000 ALTER TABLE `dependence` DISABLE KEYS */;
INSERT INTO `dependence` VALUES (1,'CEA003',1,'CEA001'),(1,'CEA013',1,'CEA001'),(1,'CSI148',1,'CEA001'),(1,'CSI508',1,'CEA001'),(1,'ENP153',1,'CEA001'),(1,'CEA007',1,'CEA003'),(1,'CEA013',1,'CEA003'),(1,'CEA342',1,'CEA006'),(1,'CEA502',1,'CEA006'),(1,'CEA710',1,'CEA006'),(1,'CEA034',1,'CEA007'),(1,'CEA502',1,'CEA007'),(1,'CEA552',1,'CEA007'),(1,'CEA034',1,'CEA013'),(1,'CEA551',1,'CEA013'),(1,'CEA561',1,'CEA034'),(1,'CEA003',1,'CEA160'),(1,'CEA301',1,'CEA160'),(1,'CEA307',1,'CEA160'),(1,'CEA006',1,'CEA301'),(1,'CEA302',1,'CEA301'),(1,'CEA562',1,'CEA301'),(1,'CEA342',1,'CEA302'),(1,'CEA552',1,'CEA302'),(1,'CEA562',1,'CEA302'),(1,'CEA711',1,'CEA302'),(1,'CSI148',1,'CEA302'),(1,'CSI515',1,'CEA302'),(1,'CEA710',1,'CEA307'),(1,'CEA711',1,'CEA341'),(1,'CSI203',1,'CEA341'),(1,'CSI501',1,'CEA341'),(1,'CSI502',1,'CEA341'),(1,'CSI515',1,'CEA341'),(1,'CEA709',1,'CEA502'),(1,'CEA571',1,'CEA551'),(1,'CEA551',1,'CEA552'),(1,'CEA561',1,'CEA552'),(1,'CEA563',1,'CEA552'),(1,'CEA571',1,'CEA561'),(1,'CEA572',1,'CEA561'),(1,'CEA453',1,'CEA562'),(1,'CEA570',1,'CEA562'),(1,'CEA582',1,'CEA562'),(1,'CEA671',1,'CEA562'),(1,'CEA708',1,'CEA562'),(1,'CEA709',1,'CEA562'),(1,'CEA712',1,'CEA562'),(1,'CSI515',1,'CEA562'),(1,'CEA572',1,'CEA570'),(1,'CEA147',1,'CEA580'),(1,'CEA341',1,'CSI030'),(1,'CSI032',1,'CSI030'),(1,'CSI148',1,'CSI030'),(1,'CSI203',1,'CSI030'),(1,'CSI488',1,'CSI030'),(1,'CSI501',1,'CSI030'),(1,'CSI502',1,'CSI030'),(1,'ENP153',1,'CSI030'),(1,'CSI429',1,'CSI032'),(1,'CSI485',1,'CSI032'),(1,'CSI520',1,'CSI032'),(1,'CSI566',1,'CSI032'),(1,'CSI730',1,'CSI032'),(1,'CEA580',1,'CSI203'),(1,'CSI437',1,'CSI203'),(1,'CSI509',1,'CSI203'),(1,'CSI559',1,'CSI419'),(1,'CSI569',1,'CSI419'),(1,'CSI574',1,'CSI419'),(1,'CSI578',1,'CSI419'),(1,'CSI732',1,'CSI419'),(1,'CSI442',1,'CSI429'),(1,'CSI693',1,'CSI433'),(1,'CSI436',1,'CSI440'),(1,'CSI442',1,'CSI440'),(1,'CSI477',1,'CSI440'),(1,'CSI513',1,'CSI440'),(1,'CSI564',1,'CSI440'),(1,'CSI731',1,'CSI440'),(1,'CSI735',1,'CSI440'),(1,'CSI466',1,'CSI443'),(1,'CSI577',1,'CSI443'),(1,'CSI549',1,'CSI450'),(1,'CSI732',1,'CSI457'),(1,'CSI733',1,'CSI457'),(1,'CSI001',1,'CSI466'),(1,'CSI457',1,'CSI466'),(1,'CSI476',1,'CSI466'),(1,'CSI546',1,'CSI466'),(1,'CSI419',1,'CSI476'),(1,'CSI506',1,'CSI476'),(1,'CSI575',1,'CSI477'),(1,'CSI450',1,'CSI485'),(1,'CSI477',1,'CSI485'),(1,'CSI486',1,'CSI485'),(1,'CSI503',1,'CSI485'),(1,'CSI512',1,'CSI485'),(1,'CSI513',1,'CSI485'),(1,'CSI558',1,'CSI485'),(1,'CSI567',1,'CSI485'),(1,'CSI568',1,'CSI485'),(1,'CSI576',1,'CSI485'),(1,'CSI735',1,'CSI485'),(1,'CSI516',1,'CSI486'),(1,'CSI518',1,'CSI486'),(1,'CSI575',1,'CSI486'),(1,'CEA711',1,'CSI488'),(1,'CSI429',1,'CSI488'),(1,'CSI437',1,'CSI488'),(1,'CSI440',1,'CSI488'),(1,'CSI466',1,'CSI488'),(1,'CSI472',1,'CSI488'),(1,'CSI485',1,'CSI488'),(1,'CSI508',1,'CSI488'),(1,'CSI515',1,'CSI488'),(1,'CSI520',1,'CSI488'),(1,'CSI548',1,'CSI488'),(1,'CSI557',1,'CSI488'),(1,'CSI566',1,'CSI488'),(1,'CSI577',1,'CSI488'),(1,'CSI730',1,'CSI488'),(1,'ENP153',1,'CSI488'),(1,'CSI496',1,'CSI495'),(1,'CSI604',1,'CSI506'),(1,'CSI433',1,'CSI548'),(1,'CSI434',1,'CSI548'),(1,'CSI477',1,'CSI548'),(1,'CSI510',1,'CSI548'),(1,'CSI734',1,'CSI548'),(1,'ENP160',1,'ENP153'),(2,'ENP153',2,'CEA036'),(2,'ENP022',2,'CEA307'),(2,'CEA307',2,'CEA423'),(2,'ENP150',2,'CEA423'),(2,'CSI032',2,'CSI030'),(2,'CSI455',2,'CSI030'),(2,'CSI488',2,'CSI030'),(2,'CSI501',2,'CSI030'),(2,'CSI502',2,'CSI030'),(2,'ENP153',2,'CSI030'),(2,'CSI429',2,'CSI032'),(2,'CSI485',2,'CSI032'),(2,'CSI566',2,'CSI032'),(2,'CSI730',2,'CSI032'),(2,'CSI462',2,'CSI145'),(2,'CSI514',2,'CSI145'),(2,'CSI519',2,'CSI145'),(2,'CSI559',2,'CSI419'),(2,'CSI569',2,'CSI419'),(2,'CSI574',2,'CSI419'),(2,'CSI578',2,'CSI419'),(2,'CSI732',2,'CSI419'),(2,'CSI437',2,'CSI424'),(2,'CSI501',2,'CSI424'),(2,'CSI502',2,'CSI424'),(2,'CSI433',2,'CSI426'),(2,'CSI434',2,'CSI426'),(2,'CSI477',2,'CSI426'),(2,'CSI510',2,'CSI426'),(2,'CSI734',2,'CSI426'),(2,'CSI498',2,'CSI427'),(2,'CSI442',2,'CSI429'),(2,'CSI426',2,'CSI437'),(2,'CSI442',2,'CSI440'),(2,'CSI462',2,'CSI440'),(2,'CSI477',2,'CSI440'),(2,'CSI511',2,'CSI440'),(2,'CSI513',2,'CSI440'),(2,'CSI516',2,'CSI440'),(2,'CSI564',2,'CSI440'),(2,'CSI731',2,'CSI440'),(2,'CSI517',2,'CSI442'),(2,'CSI567',2,'CSI442'),(2,'CSI466',2,'CSI443'),(2,'CSI577',2,'CSI443'),(2,'CSI549',2,'CSI450'),(2,'CSI729',2,'CSI450'),(2,'CSI455',2,'CSI457'),(2,'CSI520',2,'CSI457'),(2,'CSI557',2,'CSI457'),(2,'CSI732',2,'CSI457'),(2,'CSI733',2,'CSI457'),(2,'CSI439',2,'CSI460'),(2,'CSI001',2,'CSI466'),(2,'CSI457',2,'CSI466'),(2,'CSI476',2,'CSI466'),(2,'CSI546',2,'CSI466'),(2,'CSI419',2,'CSI476'),(2,'CSI506',2,'CSI476'),(2,'CSI575',2,'CSI477'),(2,'CSI729',2,'CSI477'),(2,'CSI450',2,'CSI485'),(2,'CSI486',2,'CSI485'),(2,'CSI503',2,'CSI485'),(2,'CSI512',2,'CSI485'),(2,'CSI513',2,'CSI485'),(2,'CSI516',2,'CSI485'),(2,'CSI519',2,'CSI485'),(2,'CSI558',2,'CSI485'),(2,'CSI568',2,'CSI485'),(2,'CSI576',2,'CSI485'),(2,'CSI463',2,'CSI486'),(2,'CSI477',2,'CSI486'),(2,'CSI516',2,'CSI486'),(2,'CSI518',2,'CSI486'),(2,'CSI567',2,'CSI486'),(2,'CSI735',2,'CSI486'),(2,'CSI429',2,'CSI488'),(2,'CSI437',2,'CSI488'),(2,'CSI440',2,'CSI488'),(2,'CSI466',2,'CSI488'),(2,'CSI472',2,'CSI488'),(2,'CSI485',2,'CSI488'),(2,'CSI508',2,'CSI488'),(2,'CSI566',2,'CSI488'),(2,'CSI577',2,'CSI488'),(2,'CSI730',2,'CSI488'),(2,'ENP153',2,'CSI488'),(2,'CSI499',2,'CSI498'),(2,'ENP014',2,'ENP005'),(2,'ENP534',2,'ENP144'),(2,'CSI462',2,'ENP153'),(2,'CSI557',2,'ENP153'),(2,'ENP160',2,'ENP153'),(2,'ENP560',2,'ENP160');
/*!40000 ALTER TABLE `dependence` ENABLE KEYS */;
UNLOCK TABLES;

LOCK TABLES `student` WRITE;
/*!40000 ALTER TABLE `student` DISABLE KEYS */;
INSERT INTO `student` VALUES (1728226,'Carlos Henrique','Abreu','carloshpa.mg4@me.com','40bd001563085fc35165329ea1ff5c5ecbdbbeef','2019-06-20 19:14:50',2),
                             (1628365,'Milena','Ester','miih.esther@gmail.com','40bd001563085fc35165329ea1ff5c5ecbdbbeef','2019-06-20 19:14:50',2),
                             (1815961,'Anna','Theresa','annatheresa95@gmail.com','40bd001563085fc35165329ea1ff5c5ecbdbbeef','2019-06-20 19:14:50',2),
                             (1618367,'Gisela','Lourenço','gisela.l.j@gmail.com','40bd001563085fc35165329ea1ff5c5ecbdbbeef','2019-06-20 19:14:50',2);
/*!40000 ALTER TABLE `student` ENABLE KEYS */;
UNLOCK TABLES;





